[
  {
    "id": "77e0a364-75fa-4b11-9be3-1ae22cef7cdb",
    "data": [
      {
        "text": "ok",
        "userDefined": false
      }
    ],
    "isTemplate": false,
    "count": 0,
    "updated": 1550553753
  },
  {
    "id": "710024d5-2ea9-41dd-ba33-944fd3971c19",
    "data": [
      {
        "text": "sue",
        "alias": "given-name",
        "meta": "@sys.given-name",
        "userDefined": false
      }
    ],
    "isTemplate": false,
    "count": 0,
    "updated": 1550553753
  },
  {
    "id": "d89971f2-9e23-4258-ad96-5408c018fe98",
    "data": [
      {
        "text": "yes",
        "userDefined": false
      }
    ],
    "isTemplate": false,
    "count": 0,
    "updated": 1550553753
  }
]