[
  {
    "id": "4e8aac12-5001-4125-9f6b-73c2f85d3c28",
    "data": [
      {
        "text": "ok",
        "userDefined": false
      }
    ],
    "isTemplate": false,
    "count": 0,
    "updated": 1550553911
  },
  {
    "id": "e1fd08dd-7090-488f-81b9-eab1ca3fc8b6",
    "data": [
      {
        "text": "sure",
        "userDefined": false
      }
    ],
    "isTemplate": false,
    "count": 0,
    "updated": 1550553911
  },
  {
    "id": "666f0b09-d389-49c2-93dd-67da8b1748c2",
    "data": [
      {
        "text": "yes",
        "userDefined": false
      }
    ],
    "isTemplate": false,
    "count": 0,
    "updated": 1550553911
  }
]