[
  {
    "id": "6c0626eb-ab13-4ea9-acd2-9060fee7e580",
    "data": [
      {
        "text": "can i get ",
        "userDefined": false
      },
      {
        "text": "10",
        "alias": "number",
        "meta": "@sys.number",
        "userDefined": true
      },
      {
        "text": " ",
        "userDefined": false
      },
      {
        "text": "blueberry",
        "alias": "favor",
        "meta": "@waffleFlavors",
        "userDefined": true
      },
      {
        "text": " waffle",
        "userDefined": false
      }
    ],
    "isTemplate": false,
    "count": 0,
    "updated": 1550547920
  },
  {
    "id": "4d5c8092-37ea-4a80-9d8e-3684d7d727c1",
    "data": [
      {
        "text": "I like to a waffle",
        "userDefined": false
      }
    ],
    "isTemplate": false,
    "count": 0,
    "updated": 1550545810
  },
  {
    "id": "a3592e18-b85d-43b9-a58f-c356f9b0a6c3",
    "data": [
      {
        "text": "Could i have a ",
        "userDefined": false
      },
      {
        "text": "blueberry",
        "alias": "favor",
        "meta": "@waffleFlavors",
        "userDefined": true
      },
      {
        "text": " waffle",
        "userDefined": false
      }
    ],
    "isTemplate": false,
    "count": 0,
    "updated": 1550546080
  },
  {
    "id": "95ad3812-5444-467c-8a1a-d375b2f169c3",
    "data": [
      {
        "text": "Can I get a ",
        "userDefined": false
      },
      {
        "text": "chocolate",
        "alias": "favor",
        "meta": "@waffleFlavors",
        "userDefined": true
      },
      {
        "text": " waffle?",
        "userDefined": false
      }
    ],
    "isTemplate": false,
    "count": 0,
    "updated": 1550546080
  }
]