[
  {
    "id": "9de19f82-c6e8-416d-8ab5-3f80f99f92f9",
    "data": [
      {
        "text": "3",
        "alias": "waffleQuantity",
        "meta": "@waffleQuantity",
        "userDefined": true
      }
    ],
    "isTemplate": false,
    "count": 0,
    "updated": 1550563480
  },
  {
    "id": "f35b1eb6-3411-4fa6-ae54-78e786525eb9",
    "data": [
      {
        "text": "1",
        "alias": "waffleQuantity",
        "meta": "@waffleQuantity",
        "userDefined": true
      }
    ],
    "isTemplate": false,
    "count": 0,
    "updated": 1550563480
  },
  {
    "id": "8531303d-88f4-4429-b501-9f9b4d86b25f",
    "data": [
      {
        "text": "2",
        "alias": "waffleQuantity",
        "meta": "@waffleQuantity",
        "userDefined": true
      }
    ],
    "isTemplate": false,
    "count": 0,
    "updated": 1550563480
  }
]