[
  {
    "id": "a7499630-de59-463a-bb88-de522b9234ef",
    "data": [
      {
        "text": "you can call me ",
        "userDefined": false
      },
      {
        "text": "Steve",
        "alias": "given-name",
        "meta": "@sys.given-name",
        "userDefined": false
      }
    ],
    "isTemplate": false,
    "count": 0,
    "updated": 1550555441
  },
  {
    "id": "0b72ecde-f385-4ade-9e0a-c461dd94378f",
    "data": [
      {
        "text": "I am ",
        "userDefined": false
      },
      {
        "text": "Sally",
        "alias": "given-name",
        "meta": "@sys.given-name",
        "userDefined": false
      }
    ],
    "isTemplate": false,
    "count": 0,
    "updated": 1550555441
  },
  {
    "id": "e1dae5ba-804f-43a8-ac57-dbb0139ae4be",
    "data": [
      {
        "text": "I am ",
        "userDefined": false
      },
      {
        "text": "Sam",
        "alias": "given-name",
        "meta": "@sys.given-name",
        "userDefined": false
      }
    ],
    "isTemplate": false,
    "count": 0,
    "updated": 1550555441
  },
  {
    "id": "91d09735-11e7-480e-b4f2-3ad4e314ceb3",
    "data": [
      {
        "text": "Alfred",
        "alias": "given-name",
        "meta": "@sys.given-name",
        "userDefined": false
      }
    ],
    "isTemplate": false,
    "count": 0,
    "updated": 1550555441
  }
]