[
  {
    "id": "a3ea23fc-906f-4759-9ab6-13972c8470d3",
    "data": [
      {
        "text": "40.50",
        "alias": "number",
        "meta": "@sys.number",
        "userDefined": false
      }
    ],
    "isTemplate": false,
    "count": 0,
    "updated": 1550556659
  },
  {
    "id": "641c8330-603e-4fc5-8abb-02c55b38b08e",
    "data": [
      {
        "text": "60",
        "alias": "number",
        "meta": "@sys.number",
        "userDefined": false
      }
    ],
    "isTemplate": false,
    "count": 0,
    "updated": 1550556659
  },
  {
    "id": "9e4b1790-c962-47f9-8520-9ea7b3457467",
    "data": [
      {
        "text": "40",
        "alias": "number",
        "meta": "@sys.number",
        "userDefined": false
      }
    ],
    "isTemplate": false,
    "count": 0,
    "updated": 1550556659
  },
  {
    "id": "855d7b98-f6fd-46ef-86d9-1a5047da8a05",
    "data": [
      {
        "text": "20",
        "alias": "number",
        "meta": "@sys.number",
        "userDefined": false
      }
    ],
    "isTemplate": false,
    "count": 0,
    "updated": 1550556659
  }
]