[
  {
    "id": "3fcbee00-cfb9-4368-ac56-f89b352a92a0",
    "data": [
      {
        "text": "40.50",
        "alias": "number",
        "meta": "@sys.number",
        "userDefined": false
      }
    ],
    "isTemplate": false,
    "count": 0,
    "updated": 1550556715
  },
  {
    "id": "51b6e91b-cf84-403e-bfd0-5fd25b323164",
    "data": [
      {
        "text": "60",
        "alias": "number",
        "meta": "@sys.number",
        "userDefined": false
      }
    ],
    "isTemplate": false,
    "count": 0,
    "updated": 1550556715
  },
  {
    "id": "460488bc-f651-4afd-918c-d9f68c2d8cd0",
    "data": [
      {
        "text": "20",
        "alias": "number",
        "meta": "@sys.number",
        "userDefined": false
      }
    ],
    "isTemplate": false,
    "count": 0,
    "updated": 1550556715
  },
  {
    "id": "de511654-110e-4e52-9a37-1d6b7510c34a",
    "data": [
      {
        "text": "40",
        "alias": "number",
        "meta": "@sys.number",
        "userDefined": false
      }
    ],
    "isTemplate": false,
    "count": 0,
    "updated": 1550556715
  }
]