[
  {
    "id": "b1a26e81-aabc-451b-873d-93de55c364ee",
    "data": [
      {
        "text": "i need to buy ",
        "userDefined": false
      },
      {
        "text": "tomato",
        "alias": "Veggies",
        "meta": "@Veggies",
        "userDefined": true
      }
    ],
    "isTemplate": false,
    "count": 0,
    "updated": 1550546768
  },
  {
    "id": "a18ab44c-0f26-4238-b726-f952c39a5523",
    "data": [
      {
        "text": "i want some ",
        "userDefined": false
      },
      {
        "text": "carrot",
        "alias": "Veggies",
        "meta": "@Veggies",
        "userDefined": true
      }
    ],
    "isTemplate": false,
    "count": 0,
    "updated": 1550545425
  },
  {
    "id": "4b1856f5-4c3a-4ddf-98af-7d6423d7699e",
    "data": [
      {
        "text": "i want to purchaes ",
        "userDefined": false
      },
      {
        "text": "kangkong",
        "alias": "Veggies",
        "meta": "@Veggies",
        "userDefined": false
      }
    ],
    "isTemplate": false,
    "count": 0,
    "updated": 1550545425
  },
  {
    "id": "5c43a23d-e157-4b57-8571-9a6857b7ac85",
    "data": [
      {
        "text": "can i buy ",
        "userDefined": false
      },
      {
        "text": "kale",
        "alias": "Veggies",
        "meta": "@Veggies",
        "userDefined": true
      }
    ],
    "isTemplate": false,
    "count": 0,
    "updated": 1550544416
  },
  {
    "id": "489bede1-b77c-4af5-8d3a-7754b8a32e7d",
    "data": [
      {
        "text": "kangkong",
        "alias": "Veggies",
        "meta": "@Veggies",
        "userDefined": true
      }
    ],
    "isTemplate": false,
    "count": 0,
    "updated": 1550544069
  },
  {
    "id": "a959c7b4-3de9-49b2-88ad-49413a6a72d8",
    "data": [
      {
        "text": "cucumber",
        "alias": "Veggies",
        "meta": "@Veggies",
        "userDefined": true
      }
    ],
    "isTemplate": false,
    "count": 0,
    "updated": 1550544069
  },
  {
    "id": "c37a35bc-108c-405d-832d-313353d6245b",
    "data": [
      {
        "text": "eggplant",
        "alias": "Veggies",
        "meta": "@Veggies",
        "userDefined": true
      }
    ],
    "isTemplate": false,
    "count": 0,
    "updated": 1550544069
  },
  {
    "id": "0f5c7ccf-f89c-493c-bceb-f15e17390a08",
    "data": [
      {
        "text": "lettuce",
        "alias": "Veggies",
        "meta": "@Veggies",
        "userDefined": true
      }
    ],
    "isTemplate": false,
    "count": 0,
    "updated": 1550544069
  },
  {
    "id": "f3e2bcf5-d439-46eb-96c6-079c27648732",
    "data": [
      {
        "text": "kale",
        "alias": "Veggies",
        "meta": "@Veggies",
        "userDefined": true
      }
    ],
    "isTemplate": false,
    "count": 0,
    "updated": 1550544069
  }
]