[
  {
    "id": "2fb18c36-db21-49ef-acf5-a6d62d6de26c",
    "data": [
      {
        "text": "can i have ",
        "userDefined": false
      },
      {
        "text": "5",
        "alias": "number",
        "meta": "@sys.number",
        "userDefined": true
      },
      {
        "text": " ",
        "userDefined": false
      },
      {
        "text": "tigers",
        "alias": "animal",
        "meta": "@Animals",
        "userDefined": true
      }
    ],
    "isTemplate": false,
    "count": 0,
    "updated": 1550547161
  },
  {
    "id": "7e812439-97e5-4982-bb1a-550b3d585574",
    "data": [
      {
        "text": "can i have ",
        "userDefined": false
      },
      {
        "text": "3",
        "alias": "number",
        "meta": "@sys.number",
        "userDefined": false
      },
      {
        "text": " ",
        "userDefined": false
      },
      {
        "text": "rabbits",
        "alias": "animal",
        "meta": "@Animals",
        "userDefined": false
      }
    ],
    "isTemplate": false,
    "count": 0,
    "updated": 1550547161
  },
  {
    "id": "ba0d0eac-c483-45f1-bf9d-57df827e555e",
    "data": [
      {
        "text": "i love ",
        "userDefined": false
      },
      {
        "text": "rabbit",
        "alias": "animal",
        "meta": "@Animals",
        "userDefined": true
      }
    ],
    "isTemplate": false,
    "count": 0,
    "updated": 1550547161
  },
  {
    "id": "d872eb39-2fc0-42cc-a834-494f9e696db3",
    "data": [
      {
        "text": "i want to buy ",
        "userDefined": false
      },
      {
        "text": "5",
        "alias": "number",
        "meta": "@sys.number",
        "userDefined": false
      },
      {
        "text": " ",
        "userDefined": false
      },
      {
        "text": "cats",
        "alias": "animal",
        "meta": "@Animals",
        "userDefined": false
      }
    ],
    "isTemplate": false,
    "count": 0,
    "updated": 1550547161
  },
  {
    "id": "03c53224-3d3f-4edd-88f7-a4b0fc3a488a",
    "data": [
      {
        "text": "cute ",
        "userDefined": false
      },
      {
        "text": "cat",
        "alias": "animal",
        "meta": "@Animals",
        "userDefined": false
      }
    ],
    "isTemplate": false,
    "count": 0,
    "updated": 1550546705
  },
  {
    "id": "28ad4378-dd22-4e7e-b2db-b528f8c67eb2",
    "data": [
      {
        "text": "monkey",
        "alias": "animal",
        "meta": "@Animals",
        "userDefined": true
      }
    ],
    "isTemplate": false,
    "count": 0,
    "updated": 1550545089
  },
  {
    "id": "cc3ee1f4-8417-42bc-8b3d-c27e8fec51e6",
    "data": [
      {
        "text": "do u see a ",
        "userDefined": false
      },
      {
        "text": "black",
        "alias": "color",
        "meta": "@sys.color",
        "userDefined": false
      },
      {
        "text": " ",
        "userDefined": false
      },
      {
        "text": "dog",
        "alias": "animal",
        "meta": "@Animals",
        "userDefined": true
      }
    ],
    "isTemplate": false,
    "count": 0,
    "updated": 1550545089
  },
  {
    "id": "960875b2-ddce-4a3b-a211-efeb1220bb3e",
    "data": [
      {
        "text": "bear",
        "alias": "animal",
        "meta": "@Animals",
        "userDefined": true
      }
    ],
    "isTemplate": false,
    "count": 0,
    "updated": 1550545089
  },
  {
    "id": "7f5b27d7-769c-410e-8ebb-c5d03dcc9420",
    "data": [
      {
        "text": "lovely ",
        "userDefined": false
      },
      {
        "text": "cat",
        "alias": "animal",
        "meta": "@Animals",
        "userDefined": true
      }
    ],
    "isTemplate": false,
    "count": 0,
    "updated": 1550545089
  },
  {
    "id": "c588dfed-2520-4273-9d5f-199af3528e1b",
    "data": [
      {
        "text": "fish",
        "alias": "animal",
        "meta": "@Animals",
        "userDefined": true
      }
    ],
    "isTemplate": false,
    "count": 0,
    "updated": 1550545089
  },
  {
    "id": "d36702fb-73a0-4f1b-82bf-a550038e7169",
    "data": [
      {
        "text": "elephant",
        "alias": "animal",
        "meta": "@Animals",
        "userDefined": true
      }
    ],
    "isTemplate": false,
    "count": 0,
    "updated": 1550545089
  },
  {
    "id": "a60b876a-8bc3-47f3-90ce-8e7b28b8e96d",
    "data": [
      {
        "text": "bird",
        "alias": "animal",
        "meta": "@Animals",
        "userDefined": true
      }
    ],
    "isTemplate": false,
    "count": 0,
    "updated": 1550545089
  },
  {
    "id": "dc717872-b84c-44cf-abde-2d725472d5e5",
    "data": [
      {
        "text": "cat",
        "alias": "animal",
        "meta": "@Animals",
        "userDefined": true
      }
    ],
    "isTemplate": false,
    "count": 0,
    "updated": 1550545089
  },
  {
    "id": "7a3b6270-526c-4289-abc2-82d374d8b191",
    "data": [
      {
        "text": "dog",
        "alias": "animal",
        "meta": "@Animals",
        "userDefined": true
      }
    ],
    "isTemplate": false,
    "count": 0,
    "updated": 1550545089
  }
]