[
  {
    "value": "dog",
    "synonyms": [
      "dog"
    ]
  },
  {
    "value": "cat",
    "synonyms": [
      "cat",
      "kiddy"
    ]
  },
  {
    "value": "elephant",
    "synonyms": [
      "elephant"
    ]
  },
  {
    "value": "fish",
    "synonyms": [
      "fish"
    ]
  },
  {
    "value": "monkey",
    "synonyms": [
      "monkey"
    ]
  },
  {
    "value": "bear",
    "synonyms": [
      "bear"
    ]
  },
  {
    "value": "bird",
    "synonyms": [
      "bird"
    ]
  },
  {
    "value": "rabbit",
    "synonyms": [
      "rabbit"
    ]
  },
  {
    "value": "tiger",
    "synonyms": [
      "tiger",
      "tigers"
    ]
  }
]